{"classification":{"accuracy":0.4884976157,"roc_auc":0.6205483606,"precision":0.0646662705,"recall":0.6738906089,"f1":0.1180084937,"mae":null,"rmse":null,"r2":null},"regression":{"accuracy":null,"roc_auc":null,"precision":null,"recall":null,"f1":null,"mae":4.5810055826,"rmse":7.2090071904,"r2":0.580954663},"total_revenue":{"accuracy":68128.1817523409,"roc_auc":68128.1817523409,"precision":68128.1817523409,"recall":68128.1817523409,"f1":68128.1817523409,"mae":68128.1817523409,"rmse":68128.1817523409,"r2":68128.1817523409}}