{"classification":{"accuracy":0.4884976157,"roc_auc":0.6205483606,"precision":0.0646662705,"recall":0.6738906089,"f1":0.1180084937,"mae":null,"rmse":null,"r2":null},"regression":{"accuracy":null,"roc_auc":null,"precision":null,"recall":null,"f1":null,"mae":4.5810055826,"rmse":7.2090071904,"r2":0.580954663},"total_revenue":{"accuracy":345015.239736276,"roc_auc":345015.239736276,"precision":345015.239736276,"recall":345015.239736276,"f1":345015.239736276,"mae":345015.239736276,"rmse":345015.239736276,"r2":345015.239736276}}