{"classification":{"accuracy":0.523188178,"roc_auc":0.6214438473,"precision":0.0680127524,"recall":0.6604747162,"f1":0.1233259466,"mae":null,"rmse":null,"r2":null},"regression":{"accuracy":null,"roc_auc":null,"precision":null,"recall":null,"f1":null,"mae":4.051676431,"rmse":6.411929289,"r2":0.6684969385}}