{"classification":{"accuracy":0.523188178,"roc_auc":0.6214438473,"precision":0.0680127524,"recall":0.6604747162,"f1":0.1233259466,"mae":null,"rmse":null,"r2":null},"regression":{"accuracy":null,"roc_auc":null,"precision":null,"recall":null,"f1":null,"mae":12.7177213309,"rmse":16.7072313209,"r2":-1.2507075426}}